S.No,Leave Type,Start Date,End Date,Days,Half Day,Reason,Status,Submitted On,Approved On
1,Annual Leave,2026-08-29,2026-08-29,0.5,First Half (Morning),"jgm,hj,",Pending,2026-08-10 07:21,
2,Sick Leave,2026-08-21,2026-08-21,1,Full Day,adsdsds,Pending,2026-08-10 07:20,
3,Sick Leave,2026-08-13,2026-08-13,1,Full Day,scsdsds,Approved,2026-08-10 07:06,2026-08-10 07:08
4,Unpaid Leave,2026-08-15,2026-08-15,1,Full Day,hkjkjb,Cancelled,2026-08-01 08:18,
5,Annual Leave,2026-08-28,2026-08-28,1,Full Day,zcfdykuhikjhghgfdc,Approved,2026-08-01 07:34,2026-08-01 07:41
6,Casual Leave,2026-08-09,2026-08-09,1,Full Day,sdcsdsd,Approved,2026-08-01 07:27,2026-08-01 08:16
7,Casual Leave,2026-08-31,2026-08-31,1,Full Day,sdcsdsd,Rejected,2026-08-01 07:27,2026-08-01 08:17
8,Sick Leave,2026-08-12,2026-08-12,0.5,First Half (Morning),cdvcvc,Approved,2026-08-01 07:25,2026-08-01 08:17
9,Unpaid Leave,2026-08-15,2026-08-15,0.5,First Half (Morning),cdvcvc,Cancelled,2026-08-01 07:24,
10,Unpaid Leave,2026-08-08,2026-08-08,1,Full Day,xasxss,Pending,2026-08-01 07:24,
11,Earned Leave,2026-08-06,2026-08-06,0.5,First Half (Morning),dsdsdsdsdsdsds,Pending,2026-08-01 07:06,
12,Sick Leave,2026-07-31,2026-07-31,1,Full Day,sdfdsffdfs,Pending,2026-07-29 11:01,
